object_id,title,period,type,material,description,dimensions,museum,location,detail_url,image_url,image_path,credit_line,accession_number,crawl_date,type_cn,object id
134221,Tea Bowl: Jian ware,960—1279,Ceramic,purplish brown stoneware with iron slip glaze coating,unknown,Diameter: 12.4 cm (4 7/8 in.); Overall: 7 cm (2 3/4 in.),The Cleveland Museum of Art,"Cleveland, Ohio, United States",https://clevelandart.org/art/1956.704,https://openaccess-cdn.clevelandart.org/1956.704/1956.704_web.jpg,images/cleveland\134221.jpg,The Fanny Tewksbury King Collection,1956.704,2026-04-30,陶瓷,1
125800,Three-Sectional Altar Group: Koro (lid),1644—1911,Jade,jade,unknown,Overall: 17 cm (6 11/16 in.); with base: 21.5 cm (8 7/16 in.); Lid: 8.6 x 9 cm (3 3/8 x 3 9/16 in.),The Cleveland Museum of Art,"Cleveland, Ohio, United States",https://clevelandart.org/art/1947.683.1.b,https://openaccess-cdn.clevelandart.org/1947.683.1.b/1947.683.1.b_web.jpg,images/cleveland\125800.jpg,Bequest of Cornelia Blakemore Warner,1947.683.1.b,2026-04-30,玉器,2
125615,Snuff Bottle with Stopper,19世纪,Glass,glass,unknown,with cover: 9.3 cm (3 11/16 in.),The Cleveland Museum of Art,"Cleveland, Ohio, United States",https://clevelandart.org/art/1947.530.a,https://openaccess-cdn.clevelandart.org/1947.530.a/1947.530.a_web.jpg,images/cleveland\125615.jpg,Bequest of Cornelia Blakemore Warner,1947.530.a,2026-04-30,玻璃器,3
125692,Opium Pipe,19世纪,Miscellaneous,"wood, jade and silver decoration",unknown,Overall: 62.2 cm (24 1/2 in.),The Cleveland Museum of Art,"Cleveland, Ohio, United States",https://clevelandart.org/art/1947.592,https://openaccess-cdn.clevelandart.org/1947.592/1947.592_web.jpg,images/cleveland\125692.jpg,Bequest of Cornelia Blakemore Warner,1947.592,2026-04-30,其他,4
125697,Opium Pipe,19世纪,Miscellaneous,"lacquer, ivory, jade and silver inlay",unknown,Overall: 56.6 cm (22 5/16 in.),The Cleveland Museum of Art,"Cleveland, Ohio, United States",https://clevelandart.org/art/1947.597,https://openaccess-cdn.clevelandart.org/1947.597/1947.597_web.jpg,images/cleveland\125697.jpg,Bequest of Cornelia Blakemore Warner,1947.597,2026-04-30,其他,5
136414,Pair of Fantastic Animals,18世纪—19世纪,Jade,jade,unknown,Overall: 12.2 cm (4 13/16 in.),The Cleveland Museum of Art,"Cleveland, Ohio, United States",https://clevelandart.org/art/1960.280,https://openaccess-cdn.clevelandart.org/1960.280/1960.280_web.jpg,images/cleveland\136414.jpg,"Gift of Mrs. John Lyon Collyer in memory of her mother, Mrs. G. M. G. Forman",1960.280,2026-04-30,玉器,6
164764,Down,1961,Photograph,gelatin silver print,unknown,Paper: 49.4 x 39.1 cm (19 7/16 x 15 3/8 in.); Matted: 71.1 x 55.9 cm (28 x 22 in.),The Cleveland Museum of Art,"Cleveland, Ohio, United States",https://clevelandart.org/art/2006.166,,,Dudley P. Allen Fund,2006.166,2026-04-30,摄影,7
125795,Table Screen with Stand (stand),1644—1911,Wood,carved wood,unknown,Overall: 29.8 x 24.4 cm (11 3/4 x 9 5/8 in.); stand: 18.9 x 27.4 x 13 cm (7 7/16 x 10 13/16 x 5 1/8 in.),The Cleveland Museum of Art,"Cleveland, Ohio, United States",https://clevelandart.org/art/1947.679.2.b,https://openaccess-cdn.clevelandart.org/1947.679.2.b/1947.679.2.b_web.jpg,images/cleveland\125795.jpg,Bequest of Cornelia Blakemore Warner,1947.679.2.b,2026-04-30,木器,8
171061,Olive Press Portfolio II: Barnett Newman: The Paintings (yellow),1992,Print,"color screenprint, 1 of suite of 4: Yellow",unknown,Sheet: 58 x 106.7 cm (22 13/16 x 42 in.); Image: 39.2 x 100.1 cm (15 7/16 x 39 7/16 in.),The Cleveland Museum of Art,"Cleveland, Ohio, United States",https://clevelandart.org/art/2013.471.3.3,,,Gift of Linda and Dr. Jack Lissauer in honor of Dr. Jane Glaubinger's 40th year at the Cleveland Museum of Art,2013.471.3.3,2026-04-30,版画/印刷品,9
125806,Three-Sectional Altar Group: Small Bowl with Carved Dragon (upper section of base),清朝,Jade,jade,unknown,Overall: 7 x 6.7 cm (2 3/4 x 2 5/8 in.); with base: 10.8 cm (4 1/4 in.); Upper base: 2.5 x 5.5 cm (1 x 2 3/16 in.); Base assembled: 3.8 x 5.5 cm (1 1/2 x 2 3/16 in.),The Cleveland Museum of Art,"Cleveland, Ohio, United States",https://clevelandart.org/art/1947.683.2.d,https://openaccess-cdn.clevelandart.org/1947.683.2.d/1947.683.2.d_web.jpg,images/cleveland\125806.jpg,Bequest of Cornelia Blakemore Warner,1947.683.2.d,2026-04-30,玉器,10
135187,Teapot,约1750—1770,Ceramic,porcelain,unknown,Overall: 14 x 10.9 cm (5 1/2 x 4 5/16 in.),The Cleveland Museum of Art,"Cleveland, Ohio, United States",https://clevelandart.org/art/1958.211,https://openaccess-cdn.clevelandart.org/1958.211/1958.211_web.jpg,images/cleveland\135187.jpg,Gift of Mr. and Mrs. Robert Hays Gries,1958.211,2026-04-30,陶瓷,11
171058,Olive Press Portfolio II: Barnett Newman: The Chronology of Work,1992,Print,color screenprint,unknown,Sheet: 76.4 x 106.2 cm (30 1/16 x 41 13/16 in.); Image: 57.2 x 96.9 cm (22 1/2 x 38 1/8 in.),The Cleveland Museum of Art,"Cleveland, Ohio, United States",https://clevelandart.org/art/2013.471.3,,,Gift of Linda and Dr. Jack Lissauer in honor of Dr. Jane Glaubinger's 40th year at the Cleveland Museum of Art,2013.471.3,2026-04-30,版画/印刷品,12
125658,Vase (cover),1736—1795,Stone,carved red amber,unknown,Overall: 22.3 cm (8 3/4 in.),The Cleveland Museum of Art,"Cleveland, Ohio, United States",https://clevelandart.org/art/1947.566.b,https://openaccess-cdn.clevelandart.org/1947.566.b/1947.566.b_web.jpg,images/cleveland\125658.jpg,Bequest of Cornelia Blakemore Warner,1947.566.b,2026-04-30,石器,13
132604,Plate,1785年以前,Ceramic,porcelain,unknown,Diameter: 28.5 cm (11 1/4 in.),The Cleveland Museum of Art,"Cleveland, Ohio, United States",https://clevelandart.org/art/1955.131,https://openaccess-cdn.clevelandart.org/1955.131/1955.131_web.jpg,images/cleveland\132604.jpg,The Helena Woolworth McCann Collection,1955.131,2026-04-30,陶瓷,14
156275,"Fragment from a Garment (smaller fragment, lining)",900s,Textile,silk,unknown,unknown,The Cleveland Museum of Art,"Cleveland, Ohio, United States",https://clevelandart.org/art/1992.112.2.c,https://openaccess-cdn.clevelandart.org/1992.112.2.c/1992.112.2.c_web.jpg,images/cleveland\156275.jpg,John L. Severance Fund,1992.112.2.c,2026-04-30,纺织品,15
156804,Globular Vase,1644—1911,Ceramic,glazed porcelain,unknown,Overall: 44.5 x 23 cm (17 1/2 x 9 1/16 in.),The Cleveland Museum of Art,"Cleveland, Ohio, United States",https://clevelandart.org/art/1992.392,https://openaccess-cdn.clevelandart.org/1992.392/1992.392_web.jpg,,Bequest of Maud Eells Corning,1992.392,2026-04-30,陶瓷,16
143242,Desk Album: Flower and Bird Paintings (Pinks),18世纪,Painting,"album leaf, ink and color on paper",unknown,"Image: 14.4 x 20.3 cm (5 11/16 x 8 in.); Album, closed: 15 x 10.8 x 3 cm (5 7/8 x 4 1/4 x 1 3/16 in.)",The Cleveland Museum of Art,"Cleveland, Ohio, United States",https://clevelandart.org/art/1967.193.d,https://openaccess-cdn.clevelandart.org/1967.193.d/1967.193.d_web.jpg,,Anonymous Gift,1967.193.d,2026-04-30,绘画,17
148086,Miniature Album with Figures and Landscape (Man Riding Carp),1822,Painting,"album leaf, ink and color on paper",unknown,Overall: 6.1 x 7.7 cm (2 3/8 x 3 1/16 in.),The Cleveland Museum of Art,"Cleveland, Ohio, United States",https://clevelandart.org/art/1975.11.j,https://openaccess-cdn.clevelandart.org/1975.11.j/1975.11.j_web.jpg,images/cleveland\148086.jpg,Cornelia Blakemore Warner Fund,1975.11.j,2026-04-30,绘画,18
162718,Dish with Green Glaze and Carved Floral Designs,1736—1795,Ceramic,glazed porcelain,unknown,Diameter: 27.7 cm (10 7/8 in.); Overall: 5.3 cm (2 1/16 in.),The Cleveland Museum of Art,"Cleveland, Ohio, United States",https://clevelandart.org/art/2003.262,https://openaccess-cdn.clevelandart.org/2003.262/2003.262_web.jpg,images/cleveland\162718.jpg,Bequest of Nicholas J. Velloney,2003.262,2026-04-30,陶瓷,19
135197,Charger,约1720,Ceramic,porcelain,unknown,Diameter: 38.3 cm (15 1/16 in.); Overall: 5.5 cm (2 3/16 in.),The Cleveland Museum of Art,"Cleveland, Ohio, United States",https://clevelandart.org/art/1958.215,https://openaccess-cdn.clevelandart.org/1958.215/1958.215_web.jpg,images/cleveland\135197.jpg,Gift of Mr. and Mrs. Robert Hays Gries,1958.215,2026-04-30,陶瓷,20
94600,Court Ladies in the Imperial Palace,1271—1368,Painting,"hanging scroll, color on silk",unknown,Overall: 211.1 x 101.3 cm (83 1/8 x 39 7/8 in.),The Cleveland Museum of Art,"Cleveland, Ohio, United States",https://clevelandart.org/art/1915.106,https://openaccess-cdn.clevelandart.org/1915.106/1915.106_web.jpg,images/cleveland\94600.jpg,Gift of Charles L. Freer,1915.106,2026-04-30,绘画,21
94602,Landscape with Figures,1644—1911,Painting,"hanging scroll, ink and slight color on paper",unknown,Overall: 152.4 x 73.3 cm (60 x 28 7/8 in.),The Cleveland Museum of Art,"Cleveland, Ohio, United States",https://clevelandart.org/art/1915.108,https://openaccess-cdn.clevelandart.org/1915.108/1915.108_web.jpg,images/cleveland\94602.jpg,Gift of Charles L. Freer,1915.108,2026-04-30,绘画,22
94609,Landscape,1644—1911,Painting,"hanging scroll, ink and slight color on paper",unknown,Overall: 138.7 x 56.2 cm (54 5/8 x 22 1/8 in.),The Cleveland Museum of Art,"Cleveland, Ohio, United States",https://clevelandart.org/art/1915.114,https://openaccess-cdn.clevelandart.org/1915.114/1915.114_web.jpg,images/cleveland\94609.jpg,Gift of Charles L. Freer,1915.114,2026-04-30,绘画,23
96799,Nose Ring,20世纪,Jewelry,silver,unknown,Overall: 9.9 cm (3 7/8 in.),The Cleveland Museum of Art,"Cleveland, Ohio, United States",https://clevelandart.org/art/1916.513,https://openaccess-cdn.clevelandart.org/1916.513/1916.513_web.jpg,images/cleveland\96799.jpg,Gift of Mr. and Mrs. J. H. Wade,1916.513,2026-04-30,珠宝饰品,24
96983,Seated Figures,1800—1916,Silver,silver,unknown,Overall: 3.6 cm (1 7/16 in.),The Cleveland Museum of Art,"Cleveland, Ohio, United States",https://clevelandart.org/art/1916.631,https://openaccess-cdn.clevelandart.org/1916.631/1916.631_web.jpg,images/cleveland\96983.jpg,Gift of Mr. and Mrs. J. H. Wade,1916.631,2026-04-30,银器,25
96995,Box,19世纪,Metalwork,metal,unknown,Diameter: 5.8 cm (2 5/16 in.),The Cleveland Museum of Art,"Cleveland, Ohio, United States",https://clevelandart.org/art/1916.640,https://openaccess-cdn.clevelandart.org/1916.640/1916.640_web.jpg,images/cleveland\96995.jpg,Gift of Mr. and Mrs. J. H. Wade,1916.640,2026-04-30,金属工艺,26
97861,Libation Cup,960—1279,Jade,jade,unknown,Diameter: 12.8 cm (5 1/16 in.); Overall: 4.6 cm (1 13/16 in.),The Cleveland Museum of Art,"Cleveland, Ohio, United States",https://clevelandart.org/art/1917.47,https://openaccess-cdn.clevelandart.org/1917.47/1917.47_web.jpg,images/cleveland\97861.jpg,Worcester R. Warner Collection,1917.47,2026-04-30,玉器,27
101159,Fragment,19世纪,Textile,silk,unknown,Overall: 26.7 x 9 cm (10 1/2 x 3 9/16 in.),The Cleveland Museum of Art,"Cleveland, Ohio, United States",https://clevelandart.org/art/1920.1503,https://openaccess-cdn.clevelandart.org/1920.1503/1920.1503_web.jpg,images/cleveland\101159.jpg,General Income Fund,1920.1503,2026-04-30,纺织品,28
101187,Fragment,18世纪,Textile,twill ground; silk diasper weave,unknown,Overall: 37.5 x 52.1 cm (14 3/4 x 20 1/2 in.),The Cleveland Museum of Art,"Cleveland, Ohio, United States",https://clevelandart.org/art/1920.1548,https://openaccess-cdn.clevelandart.org/1920.1548/1920.1548_web.jpg,images/cleveland\101187.jpg,General Income Fund,1920.1548,2026-04-30,纺织品,29
101191,Fragment,19世纪,Textile,silk,unknown,Overall: 47 x 21.6 cm (18 1/2 x 8 1/2 in.),The Cleveland Museum of Art,"Cleveland, Ohio, United States",https://clevelandart.org/art/1920.1552,https://openaccess-cdn.clevelandart.org/1920.1552/1920.1552_web.jpg,images/cleveland\101191.jpg,General Income Fund,1920.1552,2026-04-30,纺织品,30
101208,Fragment,19世纪,Textile,silk,unknown,Overall: 57.8 x 28.6 cm (22 3/4 x 11 1/4 in.),The Cleveland Museum of Art,"Cleveland, Ohio, United States",https://clevelandart.org/art/1920.1568,https://openaccess-cdn.clevelandart.org/1920.1568/1920.1568_web.jpg,images/cleveland\101208.jpg,General Income Fund,1920.1568,2026-04-30,纺织品,31
101230,Fragment,18世纪,Textile,silk,unknown,Overall: 19.7 x 15.9 cm (7 3/4 x 6 1/4 in.),The Cleveland Museum of Art,"Cleveland, Ohio, United States",https://clevelandart.org/art/1920.1607,https://openaccess-cdn.clevelandart.org/1920.1607/1920.1607_web.jpg,images/cleveland\101230.jpg,General Income Fund,1920.1607,2026-04-30,纺织品,32
101252,Border,19世纪,Textile,silk,unknown,Overall: 71.1 x 19 cm (28 x 7 1/2 in.),The Cleveland Museum of Art,"Cleveland, Ohio, United States",https://clevelandart.org/art/1920.1633,https://openaccess-cdn.clevelandart.org/1920.1633/1920.1633_web.jpg,,General Income Fund,1920.1633,2026-04-30,纺织品,33
101306,Fragment,19世纪,Textile,silk,unknown,Overall: 14.6 x 12.7 cm (5 3/4 x 5 in.),The Cleveland Museum of Art,"Cleveland, Ohio, United States",https://clevelandart.org/art/1920.1857,https://openaccess-cdn.clevelandart.org/1920.1857/1920.1857_web.jpg,,General Income Fund,1920.1857,2026-04-30,纺织品,34
101716,Gourd-Shaped Bottle,1644—1911,Glass,glass,unknown,Overall: 17.8 cm (7 in.),The Cleveland Museum of Art,"Cleveland, Ohio, United States",https://clevelandart.org/art/1920.427,https://openaccess-cdn.clevelandart.org/1920.427/1920.427_web.jpg,images/cleveland\101716.jpg,Gift of J. H. Wade,1920.427,2026-04-30,玻璃器,35
101739,Snuff Bottle (stopper),1644—1911,Glass,glass,unknown,Overall: 7 cm (2 3/4 in.),The Cleveland Museum of Art,"Cleveland, Ohio, United States",https://clevelandart.org/art/1920.435.b,https://openaccess-cdn.clevelandart.org/1920.435.b/1920.435.b_web.jpg,images/cleveland\101739.jpg,Gift of J. H. Wade,1920.435.b,2026-04-30,玻璃器,36
101743,Snuff Bottle,1644—1911,Glass,glass,unknown,Overall: 8 cm (3 1/8 in.),The Cleveland Museum of Art,"Cleveland, Ohio, United States",https://clevelandart.org/art/1920.437,https://openaccess-cdn.clevelandart.org/1920.437/1920.437_web.jpg,images/cleveland\101743.jpg,Gift of J. H. Wade,1920.437,2026-04-30,玻璃器,37
101765,Snuff Bottle,1644—1911,Glass,glass,unknown,Overall: 5.8 cm (2 5/16 in.),The Cleveland Museum of Art,"Cleveland, Ohio, United States",https://clevelandart.org/art/1920.444,https://openaccess-cdn.clevelandart.org/1920.444/1920.444_web.jpg,images/cleveland\101765.jpg,Gift of J. H. Wade,1920.444,2026-04-30,玻璃器,38
101767,Snuff Bottle (stopper),1644—1911,Glass,glass,unknown,Overall: 5.8 cm (2 5/16 in.),The Cleveland Museum of Art,"Cleveland, Ohio, United States",https://clevelandart.org/art/1920.444.b,https://openaccess-cdn.clevelandart.org/1920.444.b/1920.444.b_web.jpg,images/cleveland\101767.jpg,Gift of J. H. Wade,1920.444.b,2026-04-30,玻璃器,39
101785,Snuff Bottle,1644—1911,Glass,glass,unknown,Overall: 6.8 cm (2 11/16 in.),The Cleveland Museum of Art,"Cleveland, Ohio, United States",https://clevelandart.org/art/1920.450.a,https://openaccess-cdn.clevelandart.org/1920.450.a/1920.450.a_web.jpg,images/cleveland\101785.jpg,Gift of J. H. Wade,1920.450.a,2026-04-30,玻璃器,40
101809,Snuff Bottle,1644—1911,Glass,glass,unknown,Overall: 6.4 cm (2 1/2 in.),The Cleveland Museum of Art,"Cleveland, Ohio, United States",https://clevelandart.org/art/1920.460,https://openaccess-cdn.clevelandart.org/1920.460/1920.460_web.jpg,images/cleveland\101809.jpg,Gift of J. H. Wade,1920.460,2026-04-30,玻璃器,41
106970,Wooden Moveable Type,约19世纪,Wood,wood,unknown,Overall: 2 x 1.4 x 1.6 cm (13/16 x 9/16 x 5/8 in.),The Cleveland Museum of Art,"Cleveland, Ohio, United States",https://clevelandart.org/art/1924.973,https://openaccess-cdn.clevelandart.org/1924.973/1924.973_web.jpg,,Gift of M. Paul Pelliot,1924.973,2026-04-30,木器,42
106973,Wooden Moveable Type,约19世纪,Wood,wood,unknown,Overall: 2.3 x 0.8 x 1.4 cm (7/8 x 5/16 x 9/16 in.),The Cleveland Museum of Art,"Cleveland, Ohio, United States",https://clevelandart.org/art/1924.976,https://openaccess-cdn.clevelandart.org/1924.976/1924.976_web.jpg,,Gift of M. Paul Pelliot,1924.976,2026-04-30,木器,43
111782,Vase,1573—1620,Ceramic,porcelain with underglaze blue decoration,unknown,Overall: 21.4 cm (8 7/16 in.),The Cleveland Museum of Art,"Cleveland, Ohio, United States",https://clevelandart.org/art/1930.307,https://openaccess-cdn.clevelandart.org/1930.307/1930.307_web.jpg,images/cleveland\111782.jpg,Dudley P. Allen Fund,1930.307,2026-04-30,陶瓷,44
120155,Beaker,19世纪,Ceramic,porcelain,unknown,Overall: 11.5 cm (4 1/2 in.),The Cleveland Museum of Art,"Cleveland, Ohio, United States",https://clevelandart.org/art/1940.933,https://openaccess-cdn.clevelandart.org/1940.933/1940.933_web.jpg,images/cleveland\120155.jpg,Bequest of James Parmelee,1940.933,2026-04-30,陶瓷,45
120167,Vase,19世纪,Ceramic,porcelain,unknown,Overall: 14 cm (5 1/2 in.),The Cleveland Museum of Art,"Cleveland, Ohio, United States",https://clevelandart.org/art/1940.944,https://openaccess-cdn.clevelandart.org/1940.944/1940.944_web.jpg,images/cleveland\120167.jpg,Bequest of James Parmelee,1940.944,2026-04-30,陶瓷,46
120168,Vase,19世纪,Ceramic,porcelain,unknown,Overall: 14 cm (5 1/2 in.),The Cleveland Museum of Art,"Cleveland, Ohio, United States",https://clevelandart.org/art/1940.945,https://openaccess-cdn.clevelandart.org/1940.945/1940.945_web.jpg,images/cleveland\120168.jpg,Bequest of James Parmelee,1940.945,2026-04-30,陶瓷,47
120201,Jar,1736—1795,Ceramic,porcelain,unknown,Overall: 13.1 cm (5 3/16 in.),The Cleveland Museum of Art,"Cleveland, Ohio, United States",https://clevelandart.org/art/1940.967,https://openaccess-cdn.clevelandart.org/1940.967/1940.967_web.jpg,,Bequest of James Parmelee,1940.967,2026-04-30,陶瓷,48
120457,Branch with Pomegranate,18世纪,Print,color woodblock print,unknown,Overall: 28.1 x 24.4 cm (11 1/16 x 9 5/8 in.),The Cleveland Museum of Art,"Cleveland, Ohio, United States",https://clevelandart.org/art/1941.280,https://openaccess-cdn.clevelandart.org/1941.280/1941.280_web.jpg,images/cleveland\120457.jpg,Edward L. Whittemore Fund,1941.280,2026-04-30,版画/印刷品,49
121552,Shard of Tea Bowl: Jian ware,960—1279,Ceramic,stoneware,unknown,Overall: 6.5 cm (2 9/16 in.),The Cleveland Museum of Art,"Cleveland, Ohio, United States",https://clevelandart.org/art/1942.139,https://openaccess-cdn.clevelandart.org/1942.139/1942.139_web.jpg,images/cleveland\121552.jpg,John L. Severance Collection,1942.139,2026-04-30,陶瓷,50
121918,Ink Cake,19世纪,Miscellaneous,ink cake,unknown,Diameter: 3.7 cm (1 7/16 in.),The Cleveland Museum of Art,"Cleveland, Ohio, United States",https://clevelandart.org/art/1942.227,https://openaccess-cdn.clevelandart.org/1942.227/1942.227_web.jpg,images/cleveland\121918.jpg,Gift of Henry W. Kent,1942.227,2026-04-30,其他,51
121939,Ink Cake,19世纪末,Miscellaneous,ink cake,unknown,Overall: 2 cm (13/16 in.),The Cleveland Museum of Art,"Cleveland, Ohio, United States",https://clevelandart.org/art/1942.240,https://openaccess-cdn.clevelandart.org/1942.240/1942.240_web.jpg,images/cleveland\121939.jpg,Gift of Henry W. Kent,1942.240,2026-04-30,其他,52
125688,Opium Pipe,19世纪,Miscellaneous,wood with ivory and silver decoration,unknown,Overall: 55 cm (21 5/8 in.),The Cleveland Museum of Art,"Cleveland, Ohio, United States",https://clevelandart.org/art/1947.588,https://openaccess-cdn.clevelandart.org/1947.588/1947.588_web.jpg,images/cleveland\125688.jpg,Bequest of Cornelia Blakemore Warner,1947.588,2026-04-30,其他,53
301657,Three-Sectional Altar Group: Cylindrical Carving with Phoenix (lid),1644—1911,Jade,jade,unknown,unknown,The Cleveland Museum of Art,"Cleveland, Ohio, United States",https://clevelandart.org/art/1947.683.3,https://openaccess-cdn.clevelandart.org/1947.683.3/1947.683.3_web.jpg,images/cleveland\301657.jpg,Bequest of Cornelia Blakemore Warner,1947.683.3,2026-04-30,玉器,54
140195,Vase,1622—1722,Ceramic,porcelain with underglaze decoration,unknown,Overall: 42 x 23.8 cm (16 9/16 x 9 3/8 in.); vessel only: 34.5 cm (13 9/16 in.),The Cleveland Museum of Art,"Cleveland, Ohio, United States",https://clevelandart.org/art/1964.190.a,https://openaccess-cdn.clevelandart.org/1964.190.a/1964.190.a_web.jpg,images/cleveland\140195.jpg,Severance and Greta Millikin Collection,1964.190.a,2026-04-30,陶瓷,55
140232,Dancing Figure,约1850—约1950,Sculpture,painted plaster of Paris,unknown,unknown,The Cleveland Museum of Art,"Cleveland, Ohio, United States",https://clevelandart.org/art/1964.216,https://openaccess-cdn.clevelandart.org/1964.216/1964.216_web.jpg,images/cleveland\140232.jpg,Severance and Greta Millikin Collection,1964.216,2026-04-30,雕塑,56
133293,Spear with Three Points,1045—公元前256年,Arms and Armor,bronze,unknown,Overall: 2.3 cm (7/8 in.),The Cleveland Museum of Art,"Cleveland, Ohio, United States",https://clevelandart.org/art/1955.666,https://openaccess-cdn.clevelandart.org/1955.666/1955.666_web.jpg,images/cleveland\133293.jpg,Gift of E. Stevenson Burke,1955.666,2026-04-30,兵器/甲胄,57
173574,Winter Scene,960—1279,Painting,"album leaf, ink on silk",unknown,Diameter: 24 cm (9 7/16 in.),The Cleveland Museum of Art,"Cleveland, Ohio, United States",https://clevelandart.org/art/1915.699,https://openaccess-cdn.clevelandart.org/1915.699/1915.699_web.jpg,images/cleveland\173574.jpg,Gift of the John Huntington Art and Polytechnic Trust,1915.699,2026-04-30,绘画,58
125617,Snuff Bottle with Stopper,19世纪—20世纪初,Stone,crystal with jade,unknown,with cover: 7.7 cm (3 1/16 in.),The Cleveland Museum of Art,"Cleveland, Ohio, United States",https://clevelandart.org/art/1947.531,https://openaccess-cdn.clevelandart.org/1947.531/1947.531_web.jpg,images/cleveland\125617.jpg,Bequest of Cornelia Blakemore Warner,1947.531,2026-04-30,石器,59
125694,Opium Pipe,19世纪,Miscellaneous,ivory with silver repoussé decoration,unknown,Overall: 52.8 cm (20 13/16 in.),The Cleveland Museum of Art,"Cleveland, Ohio, United States",https://clevelandart.org/art/1947.594,https://openaccess-cdn.clevelandart.org/1947.594/1947.594_web.jpg,images/cleveland\125694.jpg,Bequest of Cornelia Blakemore Warner,1947.594,2026-04-30,其他,60
130108,Bovine Mask with Capped Horns,1400—公元前1000年,Jade,jade,unknown,Overall: 1.9 cm (3/4 in.),The Cleveland Museum of Art,"Cleveland, Ohio, United States",https://clevelandart.org/art/1952.491,https://openaccess-cdn.clevelandart.org/1952.491/1952.491_web.jpg,images/cleveland\130108.jpg,Anonymous Gift,1952.491,2026-04-30,玉器,61
144684,Stem Cup with Buddhist Emblems (case),14世纪,Miscellaneous,wicker and wood with metal fittings,unknown,Overall: 16.6 x 17.8 cm (6 9/16 x 7 in.),The Cleveland Museum of Art,"Cleveland, Ohio, United States",https://clevelandart.org/art/1969.303.b,https://openaccess-cdn.clevelandart.org/1969.303.b/1969.303.b_web.jpg,images/cleveland\144684.jpg,Gift of Mr. and Mrs. John J. Klejman,1969.303.b,2026-04-30,其他,62
171059,Olive Press Portfolio II: Barnett Newman: The Paintings (blue),1992,Print,"color screenprint, 1 of suite of 4: Blue",unknown,Sheet: 57.8 x 106.5 cm (22 3/4 x 41 15/16 in.); Image: 39.2 x 100.1 cm (15 7/16 x 39 7/16 in.),The Cleveland Museum of Art,"Cleveland, Ohio, United States",https://clevelandart.org/art/2013.471.3.1,,,Gift of Linda and Dr. Jack Lissauer in honor of Dr. Jane Glaubinger's 40th year at the Cleveland Museum of Art,2013.471.3.1,2026-04-30,版画/印刷品,63
143244,Desk Album: Flower and Bird Paintings (Rose),18世纪,Painting,"album leaf, ink and color on paper",unknown,"Image: 14.4 x 20.3 cm (5 11/16 x 8 in.); Album, closed: 15 x 10.8 x 3 cm (5 7/8 x 4 1/4 x 1 3/16 in.)",The Cleveland Museum of Art,"Cleveland, Ohio, United States",https://clevelandart.org/art/1967.193.f,https://openaccess-cdn.clevelandart.org/1967.193.f/1967.193.f_web.jpg,images/cleveland\143244.jpg,Anonymous Gift,1967.193.f,2026-04-30,绘画,64
159185,Square Mirror with Floral and Coin Motifs,early900s—12世纪初,Metalwork,bronze,unknown,Overall: 0.5 x 10.5 cm (3/16 x 4 1/8 in.); Rim: 0.3 cm (1/8 in.),The Cleveland Museum of Art,"Cleveland, Ohio, United States",https://clevelandart.org/art/1995.371,https://openaccess-cdn.clevelandart.org/1995.371/1995.371_web.jpg,images/cleveland\159185.jpg,Gift of Drs. Thomas and Martha Carter in Honor of Sherman E. Lee,1995.371,2026-04-30,金属工艺,65
680373,Painting Three from Illustrated Book of Flowers and Butterflies,19世纪,Painting,painting on pith paper,unknown,Each page: 25.2 x 36.4 cm (9 15/16 x 14 5/16 in.); Each painting: 20.1 x 32 cm (7 15/16 x 12 5/8 in.),The Cleveland Museum of Art,"Cleveland, Ohio, United States",https://clevelandart.org/art/1921.915.c,https://openaccess-cdn.clevelandart.org/1921.915.c/1921.915.c_web.jpg,images/cleveland\680373.jpg,Gift of Mr. and Mrs. Henry F. Lyman,1921.915.c,2026-04-30,绘画,66
143239,"Desk Album: Flower and Bird Paintings (Bats, rocks, flowers oval calligraphy)",18世纪,Painting,"album leaf, ink and color on paper",unknown,"Image: 14.4 x 20.3 cm (5 11/16 x 8 in.); Album, closed: 15 x 10.8 x 3 cm (5 7/8 x 4 1/4 x 1 3/16 in.)",The Cleveland Museum of Art,"Cleveland, Ohio, United States",https://clevelandart.org/art/1967.193.a,https://openaccess-cdn.clevelandart.org/1967.193.a/1967.193.a_web.jpg,images/cleveland\143239.jpg,Anonymous Gift,1967.193.a,2026-04-30,绘画,67
125602,Snuff Bottle with Stopper,1736—1795,Stone,crystal,unknown,with cover: 8.4 cm (3 5/16 in.),The Cleveland Museum of Art,"Cleveland, Ohio, United States",https://clevelandart.org/art/1947.526.a,https://openaccess-cdn.clevelandart.org/1947.526.a/1947.526.a_web.jpg,images/cleveland\125602.jpg,Bequest of Cornelia Blakemore Warner,1947.526.a,2026-04-30,石器,68
162713,Bowl with Yellow Glaze,1723—1735,Ceramic,glazed porcelain,unknown,Diameter: 14.8 cm (5 13/16 in.); Overall: 6.7 cm (2 5/8 in.),The Cleveland Museum of Art,"Cleveland, Ohio, United States",https://clevelandart.org/art/2003.259.1,https://openaccess-cdn.clevelandart.org/2003.259.1/2003.259.1_web.jpg,images/cleveland\162713.jpg,Bequest of Nicholas J. Velloney,2003.259.1,2026-04-30,陶瓷,69
135195,Tea Caddy (lid),约1750—1770,Ceramic,porcelain,unknown,Diameter: 4.7 cm (1 7/8 in.); Overall: 11.5 x 6.6 cm (4 1/2 x 2 5/8 in.),The Cleveland Museum of Art,"Cleveland, Ohio, United States",https://clevelandart.org/art/1958.213.b,https://openaccess-cdn.clevelandart.org/1958.213.b/1958.213.b_web.jpg,images/cleveland\135195.jpg,Gift of Mr. and Mrs. Robert Hays Gries,1958.213.b,2026-04-30,陶瓷,70
148082,Miniature Album with Figures and Landscape (Three Men),1822,Painting,"album leaf, ink and color on paper",unknown,Overall: 6.1 x 7.7 cm (2 3/8 x 3 1/16 in.),The Cleveland Museum of Art,"Cleveland, Ohio, United States",https://clevelandart.org/art/1975.11.f,https://openaccess-cdn.clevelandart.org/1975.11.f/1975.11.f_web.jpg,images/cleveland\148082.jpg,Cornelia Blakemore Warner Fund,1975.11.f,2026-04-30,绘画,71
132588,Soup Plate,1760—1770,Ceramic,porcelain,unknown,Diameter: 22.9 cm (9 in.),The Cleveland Museum of Art,"Cleveland, Ohio, United States",https://clevelandart.org/art/1955.118,https://openaccess-cdn.clevelandart.org/1955.118/1955.118_web.jpg,images/cleveland\132588.jpg,The Helena Woolworth McCann Collection,1955.118,2026-04-30,陶瓷,72
140194,Vase,1622—1722,Ceramic,porcelain with underglaze decoration,unknown,Overall: 42 x 23.8 cm (16 9/16 x 9 3/8 in.); vessel only: 34.5 cm (13 9/16 in.),The Cleveland Museum of Art,"Cleveland, Ohio, United States",https://clevelandart.org/art/1964.190,https://openaccess-cdn.clevelandart.org/1964.190/1964.190_web.jpg,images/cleveland\140194.jpg,Severance and Greta Millikin Collection,1964.190,2026-04-30,陶瓷,73
159158,"Hexafoil Mirror with Floral Interlaces, a Phoenix, and Running Animals",early600s—early900s,Metalwork,bronze,unknown,Diameter: 20 cm (7 7/8 in.); Overall: 1 cm (3/8 in.); Rim: 0.8 cm (5/16 in.),The Cleveland Museum of Art,"Cleveland, Ohio, United States",https://clevelandart.org/art/1995.347,https://openaccess-cdn.clevelandart.org/1995.347/1995.347_web.jpg,images/cleveland\159158.jpg,Gift of Drs. Thomas and Martha Carter in Honor of Sherman E. Lee,1995.347,2026-04-30,金属工艺,74
132825,Teapot: Yixing ware (lid),1644—1911,Ceramic,stoneware,unknown,Diameter: 12.8 cm (5 1/16 in.); Overall: 8.6 cm (3 3/8 in.),The Cleveland Museum of Art,"Cleveland, Ohio, United States",https://clevelandart.org/art/1955.299.b,https://openaccess-cdn.clevelandart.org/1955.299.b/1955.299.b_web.jpg,images/cleveland\132825.jpg,Gift of Mr. and Mrs. Frank E. Brown,1955.299.b,2026-04-30,陶瓷,75
134211,Bowl: Jun ware,13th—14世纪,Ceramic,glazed buff stoneware,unknown,Diameter: 14.6 cm (5 3/4 in.); Overall: 8.5 cm (3 3/8 in.),The Cleveland Museum of Art,"Cleveland, Ohio, United States",https://clevelandart.org/art/1956.696,https://openaccess-cdn.clevelandart.org/1956.696/1956.696_web.jpg,images/cleveland\134211.jpg,The Fanny Tewksbury King Collection,1956.696,2026-04-30,陶瓷,76
135190,Teapot,约1775—1800,Ceramic,porcelain,unknown,Overall: 12.7 x 13.7 cm (5 x 5 3/8 in.),The Cleveland Museum of Art,"Cleveland, Ohio, United States",https://clevelandart.org/art/1958.212,https://openaccess-cdn.clevelandart.org/1958.212/1958.212_web.jpg,,Gift of Mr. and Mrs. Robert Hays Gries,1958.212,2026-04-30,陶瓷,77
136676,Zun: Ceremonial Vessel,约1023—公元前900年,Metalwork,bronze,unknown,Overall: 16 cm (6 5/16 in.),The Cleveland Museum of Art,"Cleveland, Ohio, United States",https://clevelandart.org/art/1961.215,https://openaccess-cdn.clevelandart.org/1961.215/1961.215_web.jpg,,Worcester R. Warner Collection,1961.215,2026-04-30,金属工艺,78
94601,The Seven Worthies of the Bamboo Grove,1644—1911,Painting,"hanging scroll, ink and slight color on silk",unknown,Overall: 169.2 x 95.9 cm (66 5/8 x 37 3/4 in.),The Cleveland Museum of Art,"Cleveland, Ohio, United States",https://clevelandart.org/art/1915.107,https://openaccess-cdn.clevelandart.org/1915.107/1915.107_web.jpg,images/cleveland\94601.jpg,Gift of Charles L. Freer,1915.107,2026-04-30,绘画,79
94606,Han Yige,约1368—1644,Painting,hanging scroll; color on silk,unknown,Painting: 142.9 x 82.1 cm (56 1/4 x 32 5/16 in.); Overall with knobs: 194 x 95.5 cm (76 3/8 x 37 5/8 in.),The Cleveland Museum of Art,"Cleveland, Ohio, United States",https://clevelandart.org/art/1915.111,https://openaccess-cdn.clevelandart.org/1915.111/1915.111_web.jpg,images/cleveland\94606.jpg,Gift of Charles L. Freer,1915.111,2026-04-30,绘画,80
97610,Saucer: Qingbai ware,13世纪—14世纪,Ceramic,porcelain,unknown,Diameter: 14 cm (5 1/2 in.),The Cleveland Museum of Art,"Cleveland, Ohio, United States",https://clevelandart.org/art/1917.257,https://openaccess-cdn.clevelandart.org/1917.257/1917.257_web.jpg,images/cleveland\97610.jpg,John L. Severance Collection,1917.257,2026-04-30,陶瓷,81
97614,Saucer: Ding ware,12世纪—13世纪,Ceramic,porcelain,unknown,Diameter: 14.6 cm (5 3/4 in.),The Cleveland Museum of Art,"Cleveland, Ohio, United States",https://clevelandart.org/art/1917.260,https://openaccess-cdn.clevelandart.org/1917.260/1917.260_web.jpg,images/cleveland\97614.jpg,John L. Severance Collection,1917.260,2026-04-30,陶瓷,82
97661,Stem Dish,600s—700s,Ceramic,glazed cream-white stoneware,unknown,Diameter: 13.2 cm (5 3/16 in.); Overall: 9.5 cm (3 3/4 in.),The Cleveland Museum of Art,"Cleveland, Ohio, United States",https://clevelandart.org/art/1917.303,https://openaccess-cdn.clevelandart.org/1917.303/1917.303_web.jpg,images/cleveland\97661.jpg,John L. Severance Collection,1917.303,2026-04-30,陶瓷,83
114584,Cushion Cover (one of a set of four),18世纪,Textile,"silk, metallic thread",unknown,Overall: 48.9 x 51.4 cm (19 1/4 x 20 1/4 in.),The Cleveland Museum of Art,"Cleveland, Ohio, United States",https://clevelandart.org/art/1934.202.4.a-.d,https://openaccess-cdn.clevelandart.org/1934.202.4.a-.d/1934.202.4.a-.d_web.jpg,images/cleveland\114584.jpg,Gift of Mrs. Chester C. Bolton,1934.202.4.a-.d,2026-04-30,纺织品,84
114586,Cushion Cover,18世纪,Textile,"silk, metallic thread",unknown,Overall: 5.4 x 43.2 cm (2 1/8 x 17 in.),The Cleveland Museum of Art,"Cleveland, Ohio, United States",https://clevelandart.org/art/1934.202.4.c,https://openaccess-cdn.clevelandart.org/1934.202.4.c/1934.202.4.c_web.jpg,images/cleveland\114586.jpg,Gift of Mrs. Chester C. Bolton,1934.202.4.c,2026-04-30,纺织品,85
110150,Blouse,19世纪末,Garment,"embroidery, silk",unknown,Overall: 52.6 x 50.8 cm (20 11/16 x 20 in.),The Cleveland Museum of Art,"Cleveland, Ohio, United States",https://clevelandart.org/art/1928.776,https://openaccess-cdn.clevelandart.org/1928.776/1928.776_web.jpg,images/cleveland\110150.jpg,Gift of Mrs. Andrew Squire,1928.776,2026-04-30,服饰,86
111802,Wine Pot: Southern Celadon Ware,13世纪—14世纪,Ceramic,glazed porcelain,unknown,Diameter: 8 cm (3 1/8 in.); Overall: 6.4 cm (2 1/2 in.),The Cleveland Museum of Art,"Cleveland, Ohio, United States",https://clevelandart.org/art/1930.325.a,https://openaccess-cdn.clevelandart.org/1930.325.a/1930.325.a_web.jpg,images/cleveland\111802.jpg,Charles W. Harkness Endowment Fund,1930.325.a,2026-04-30,陶瓷,87
119530,Title Robe,约1890,Garment,"embroidery, silk",unknown,Overall: 134.6 x 114.3 cm (53 x 45 in.),The Cleveland Museum of Art,"Cleveland, Ohio, United States",https://clevelandart.org/art/1940.4,https://openaccess-cdn.clevelandart.org/1940.4/1940.4_web.jpg,images/cleveland\119530.jpg,Gift of Mrs. J. Cox Morrill,1940.4,2026-04-30,服饰,88
120461,Flowering Magnolia and Peach Blossoms,1368—1644,Print,color woodblock print,unknown,Overall: 28.8 x 25 cm (11 5/16 x 9 13/16 in.),The Cleveland Museum of Art,"Cleveland, Ohio, United States",https://clevelandart.org/art/1941.284,https://openaccess-cdn.clevelandart.org/1941.284/1941.284_web.jpg,images/cleveland\120461.jpg,Edward L. Whittemore Fund,1941.284,2026-04-30,版画/印刷品,89
120462,Flowering Branch with Bees,18世纪,Print,color woodblock print,unknown,Overall: 26.8 x 31.2 cm (10 9/16 x 12 5/16 in.),The Cleveland Museum of Art,"Cleveland, Ohio, United States",https://clevelandart.org/art/1941.285,https://openaccess-cdn.clevelandart.org/1941.285/1941.285_web.jpg,images/cleveland\120462.jpg,Edward L. Whittemore Fund,1941.285,2026-04-30,版画/印刷品,90
123492,Sleeve Bands,1880—1940,Garment,"embroidery, silk",unknown,Average: 82.3 x 9.5 cm (32 3/8 x 3 3/4 in.),The Cleveland Museum of Art,"Cleveland, Ohio, United States",https://clevelandart.org/art/1943.92,https://openaccess-cdn.clevelandart.org/1943.92/1943.92_web.jpg,images/cleveland\123492.jpg,Gift of Mrs. Fred R. White,1943.92,2026-04-30,服饰,91
134773,Plate: Martin Luther,1756,Ceramic,porcelain,unknown,Diameter: 23.1 cm (9 1/8 in.),The Cleveland Museum of Art,"Cleveland, Ohio, United States",https://clevelandart.org/art/1957.346,https://openaccess-cdn.clevelandart.org/1957.346/1957.346_web.jpg,images/cleveland\134773.jpg,Gift of Mr. and Mrs. Robert Hays Gries,1957.346,2026-04-30,陶瓷,92
136416,Fantastic Animal,18世纪—19世纪,Jade,jade,unknown,Overall: 12.2 cm (4 13/16 in.),The Cleveland Museum of Art,"Cleveland, Ohio, United States",https://clevelandart.org/art/1960.280.2,https://openaccess-cdn.clevelandart.org/1960.280.2/1960.280.2_web.jpg,images/cleveland\136416.jpg,"Gift of Mrs. John Lyon Collyer in memory of her mother, Mrs. G. M. G. Forman",1960.280.2,2026-04-30,玉器,93
140266,Kettle with Handle (lid),18世纪—19世纪,Metalwork,bronze,unknown,unknown,The Cleveland Museum of Art,"Cleveland, Ohio, United States",https://clevelandart.org/art/1964.241.b,https://openaccess-cdn.clevelandart.org/1964.241.b/1964.241.b_web.jpg,images/cleveland\140266.jpg,Severance and Greta Millikin Collection,1964.241.b,2026-04-30,金属工艺,94
125703,Opium Pipe,19世纪,Miscellaneous,wood and ivory,unknown,Overall: 59.4 cm (23 3/8 in.),The Cleveland Museum of Art,"Cleveland, Ohio, United States",https://clevelandart.org/art/1947.600,https://openaccess-cdn.clevelandart.org/1947.600/1947.600_web.jpg,images/cleveland\125703.jpg,Bequest of Cornelia Blakemore Warner,1947.600,2026-04-30,其他,95
134212,Bowl: Northern Celadon Ware,12世纪,Ceramic,glazed stoneware,unknown,Diameter: 20.3 cm (8 in.); Overall: 8.3 cm (3 1/4 in.),The Cleveland Museum of Art,"Cleveland, Ohio, United States",https://clevelandart.org/art/1956.697,https://openaccess-cdn.clevelandart.org/1956.697/1956.697_web.jpg,images/cleveland\134212.jpg,The Fanny Tewksbury King Collection,1956.697,2026-04-30,陶瓷,96
173634,Dog Watching,960—1279,Painting,"Album leaf, ink and color on silk",unknown,Diameter: 22.6 cm (8 7/8 in.),The Cleveland Museum of Art,"Cleveland, Ohio, United States",https://clevelandart.org/art/1915.700,https://openaccess-cdn.clevelandart.org/1915.700/1915.700_web.jpg,images/cleveland\173634.jpg,Gift of the John Huntington Art and Polytechnic Trust,1915.700,2026-04-30,绘画,97
135191,Teapot,约1775—1800,Ceramic,porcelain,unknown,Overall: 12.7 x 13.7 cm (5 x 5 3/8 in.),The Cleveland Museum of Art,"Cleveland, Ohio, United States",https://clevelandart.org/art/1958.212.a,https://openaccess-cdn.clevelandart.org/1958.212.a/1958.212.a_web.jpg,images/cleveland\135191.jpg,Gift of Mr. and Mrs. Robert Hays Gries,1958.212.a,2026-04-30,陶瓷,98
148081,Miniature Album with Figures and Landscape (Waterfall Landscape),1822,Painting,"album leaf, ink and color on paper",unknown,Overall: 6.1 x 7.7 cm (2 3/8 x 3 1/16 in.),The Cleveland Museum of Art,"Cleveland, Ohio, United States",https://clevelandart.org/art/1975.11.e,https://openaccess-cdn.clevelandart.org/1975.11.e/1975.11.e_web.jpg,images/cleveland\148081.jpg,Cornelia Blakemore Warner Fund,1975.11.e,2026-04-30,绘画,99
162714,Bowl with Yellow Glaze,1723—1735,Ceramic,glazed porcelain,unknown,Diameter: 14.8 cm (5 13/16 in.); Overall: 6.7 cm (2 5/8 in.),The Cleveland Museum of Art,"Cleveland, Ohio, United States",https://clevelandart.org/art/2003.259.2,https://openaccess-cdn.clevelandart.org/2003.259.2/2003.259.2_web.jpg,images/cleveland\162714.jpg,Bequest of Nicholas J. Velloney,2003.259.2,2026-04-30,陶瓷,100
130211,Ge (Dagger Axe),约2500—公元前1500年,Jade,nephrite,unknown,Overall: 5.7 x 1 cm (2 1/4 x 3/8 in.),The Cleveland Museum of Art,"Cleveland, Ohio, United States",https://clevelandart.org/art/1952.580,https://openaccess-cdn.clevelandart.org/1952.580/1952.580_web.jpg,images/cleveland\130211.jpg,Anonymous Gift,1952.580,2026-04-30,玉器,101
157602,Yixing Teapot,19世纪,Ceramic,stoneware,unknown,Diameter: 18 cm (7 1/16 in.); Overall: 10 cm (3 15/16 in.),The Cleveland Museum of Art,"Cleveland, Ohio, United States",https://clevelandart.org/art/1995.12.a,https://openaccess-cdn.clevelandart.org/1995.12.a/1995.12.a_web.jpg,images/cleveland\157602.jpg,Gift in memory of Saul and Dorothy Goldstein,1995.12.a,2026-04-30,陶瓷,102
680375,Painting Five from Illustrated Book of Flowers and Butterflies,19世纪,Painting,painting on pith paper,unknown,Each page: 25.2 x 36.4 cm (9 15/16 x 14 5/16 in.); Each painting: 20.1 x 32 cm (7 15/16 x 12 5/8 in.),The Cleveland Museum of Art,"Cleveland, Ohio, United States",https://clevelandart.org/art/1921.915.e,https://openaccess-cdn.clevelandart.org/1921.915.e/1921.915.e_web.jpg,images/cleveland\680375.jpg,Gift of Mr. and Mrs. Henry F. Lyman,1921.915.e,2026-04-30,绘画,103
130069,Ink Cake,1644—1911,Miscellaneous,ink cake,unknown,Overall: 8.6 cm (3 3/8 in.),The Cleveland Museum of Art,"Cleveland, Ohio, United States",https://clevelandart.org/art/1952.469,https://openaccess-cdn.clevelandart.org/1952.469/1952.469_web.jpg,images/cleveland\130069.jpg,Gift of Bruce Rogers,1952.469,2026-04-30,其他,104
148077,Miniature Album with Figures and Landscape (Landscape with Two Boatmen),1822,Painting,"album leaf, ink and color on paper",unknown,Overall: 6.1 x 7.7 cm (2 3/8 x 3 1/16 in.),The Cleveland Museum of Art,"Cleveland, Ohio, United States",https://clevelandart.org/art/1975.11.a,https://openaccess-cdn.clevelandart.org/1975.11.a/1975.11.a_web.jpg,images/cleveland\148077.jpg,Cornelia Blakemore Warner Fund,1975.11.a,2026-04-30,绘画,105
123649,Flattened Ovoid Snuff Bottle with Stopper,1573—1620,Ceramic,porcelain,unknown,Overall: 7 cm (2 3/4 in.),The Cleveland Museum of Art,"Cleveland, Ohio, United States",https://clevelandart.org/art/1944.210.a,https://openaccess-cdn.clevelandart.org/1944.210.a/1944.210.a_web.jpg,images/cleveland\123649.jpg,The Elisabeth Severance Prentiss Collection,1944.210.a,2026-04-30,陶瓷,106
135192,Teapot (lid),约1775—1800,Ceramic,porcelain,unknown,Overall: 12.7 x 13.7 cm (5 x 5 3/8 in.),The Cleveland Museum of Art,"Cleveland, Ohio, United States",https://clevelandart.org/art/1958.212.b,https://openaccess-cdn.clevelandart.org/1958.212.b/1958.212.b_web.jpg,images/cleveland\135192.jpg,Gift of Mr. and Mrs. Robert Hays Gries,1958.212.b,2026-04-30,陶瓷,107
171256,"Cup from Oliver Wolcott, Jr. Tea Service (3 of 6)",1785—1805,Ceramic,"porcelain, sepia enamel, gold leaf",unknown,Overall: 7 x 9 x 6 cm (2 3/4 x 3 9/16 x 2 3/8 in.),The Cleveland Museum of Art,"Cleveland, Ohio, United States",https://clevelandart.org/art/2013.98.3.a,https://openaccess-cdn.clevelandart.org/2013.98.3.a/2013.98.3.a_web.jpg,images/cleveland\171256.jpg,Gift of Harvey Buchanan in memory of Penelope Draper Buchanan and Dorothy Tuckerman Draper,2013.98.3.a,2026-04-30,陶瓷,108
125695,Opium Pipe,19世纪,Miscellaneous,wood,unknown,unknown,The Cleveland Museum of Art,"Cleveland, Ohio, United States",https://clevelandart.org/art/1947.595,https://openaccess-cdn.clevelandart.org/1947.595/1947.595_web.jpg,images/cleveland\125695.jpg,Bequest of Cornelia Blakemore Warner,1947.595,2026-04-30,其他,109
130092,Tablet,1778,Jade,jade,unknown,Overall: 18.5 cm (7 5/16 in.),The Cleveland Museum of Art,"Cleveland, Ohio, United States",https://clevelandart.org/art/1952.482.3.b,https://openaccess-cdn.clevelandart.org/1952.482.3.b/1952.482.3.b_web.jpg,images/cleveland\130092.jpg,Anonymous Gift,1952.482.3.b,2026-04-30,玉器,110
132573,Plate,1785—1800,Ceramic,porcelain,unknown,Diameter: 19.9 cm (7 13/16 in.),The Cleveland Museum of Art,"Cleveland, Ohio, United States",https://clevelandart.org/art/1955.105,https://openaccess-cdn.clevelandart.org/1955.105/1955.105_web.jpg,images/cleveland\132573.jpg,The Helena Woolworth McCann Collection,1955.105,2026-04-30,陶瓷,111
125603,Snuff Bottle with Stopper (stopper),1736—1795,Stone,crystal,unknown,with cover: 8.4 cm (3 5/16 in.),The Cleveland Museum of Art,"Cleveland, Ohio, United States",https://clevelandart.org/art/1947.526.b,https://openaccess-cdn.clevelandart.org/1947.526.b/1947.526.b_web.jpg,images/cleveland\125603.jpg,Bequest of Cornelia Blakemore Warner,1947.526.b,2026-04-30,石器,112
159206,Mirror with Dragon Design,1700—1911,Metalwork,bronze,unknown,Diameter: 9.9 cm (3 7/8 in.); Overall: 1.8 cm (11/16 in.); Rim: 1.1 cm (7/16 in.),The Cleveland Museum of Art,"Cleveland, Ohio, United States",https://clevelandart.org/art/1995.390,https://openaccess-cdn.clevelandart.org/1995.390/1995.390_web.jpg,images/cleveland\159206.jpg,Gift of Drs. Thomas and Martha Carter in Honor of Sherman E. Lee,1995.390,2026-04-30,金属工艺,113
130493,Bird in Flight,1300—公元前1100年,Jade,jade,unknown,Overall: 2.1 cm (13/16 in.),The Cleveland Museum of Art,"Cleveland, Ohio, United States",https://clevelandart.org/art/1953.243,https://openaccess-cdn.clevelandart.org/1953.243/1953.243_web.jpg,images/cleveland\130493.jpg,Anonymous Gift,1953.243,2026-04-30,玉器,114
150865,Stool,1644—1911,Furniture and woodwork,Ironwood (tielimu),unknown,50.8 x 48.3 x 48.3 cm (20 x 19 x 19 in.),The Cleveland Museum of Art,"Cleveland, Ohio, United States",https://clevelandart.org/art/1982.262.2,https://openaccess-cdn.clevelandart.org/1982.262.2/1982.262.2_web.jpg,images/cleveland\150865.jpg,Gift of Miss Mildred F. Walker,1982.262.2,2026-04-30,家具/木作,115
150500,"Dwelling in the Longmian (""Sleeping Dragon"") Mountains",12世纪—13世纪,Painting,handscroll mounted as an album leaf; ink and color on silk,unknown,Image: 26.5 x 39.8 cm (10 7/16 x 15 11/16 in.); Mounted: 38.3 x 53.8 cm (15 1/16 x 21 3/16 in.),The Cleveland Museum of Art,"Cleveland, Ohio, United States",https://clevelandart.org/art/1981.57.3,https://openaccess-cdn.clevelandart.org/1981.57.3/1981.57.3_web.jpg,images/cleveland\150500.jpg,Andrew R. and Martha Holden Jennings Fund,1981.57.3,2026-04-30,绘画,116
154717,Vase with Decoration of Horsemen,1622—1722,Ceramic,porcelain with famille verte overglaze enamel decoration,unknown,unknown,The Cleveland Museum of Art,"Cleveland, Ohio, United States",https://clevelandart.org/art/1989.303,https://openaccess-cdn.clevelandart.org/1989.303/1989.303_web.jpg,images/cleveland\154717.jpg,Bequest of Mrs. Severance A. Millikin,1989.303,2026-04-30,陶瓷,117
95012,Buddha Triad,568,Sculpture,stone,unknown,Overall: 21.3 x 11.7 cm (8 3/8 x 4 5/8 in.),The Cleveland Museum of Art,"Cleveland, Ohio, United States",https://clevelandart.org/art/1915.562,https://openaccess-cdn.clevelandart.org/1915.562/1915.562_web.jpg,images/cleveland\95012.jpg,Gift of the John Huntington Art and Polytechnic Trust,1915.562,2026-04-30,雕塑,118
95619,Mandarin Robe,18世纪末—19世纪初,Garment,"Silk; gauze weave, embroidery",unknown,Overall: 133.4 x 208.3 cm (52 1/2 x 82 in.),The Cleveland Museum of Art,"Cleveland, Ohio, United States",https://clevelandart.org/art/1916.1335,https://openaccess-cdn.clevelandart.org/1916.1335/1916.1335_web.jpg,images/cleveland\95619.jpg,Gift of Mr. and Mrs. J. H. Wade,1916.1335,2026-04-30,服饰,119
95702,Cocoon Flask,公元前206年—公元9年,Ceramic,earthenware,unknown,Diameter of mouth: 9.3 cm (3 11/16 in.); Overall: 26.4 x 34.8 cm (10 3/8 x 13 11/16 in.),The Cleveland Museum of Art,"Cleveland, Ohio, United States",https://clevelandart.org/art/1916.1398,https://openaccess-cdn.clevelandart.org/1916.1398/1916.1398_web.jpg,images/cleveland\95702.jpg,Worcester R. Warner Collection,1916.1398,2026-04-30,陶瓷,120
96720,Box,1900—1916,Enamel,enamel,unknown,Overall: 5.2 x 7 cm (2 1/16 x 2 3/4 in.),The Cleveland Museum of Art,"Cleveland, Ohio, United States",https://clevelandart.org/art/1916.442,https://openaccess-cdn.clevelandart.org/1916.442/1916.442_web.jpg,images/cleveland\96720.jpg,Gift of Mr. and Mrs. J. H. Wade,1916.442,2026-04-30,珐琅器,121
96797,Nose Ring,20世纪,Jewelry,silver,unknown,Overall: 9.9 cm (3 7/8 in.),The Cleveland Museum of Art,"Cleveland, Ohio, United States",https://clevelandart.org/art/1916.511,https://openaccess-cdn.clevelandart.org/1916.511/1916.511_web.jpg,images/cleveland\96797.jpg,Gift of Mr. and Mrs. J. H. Wade,1916.511,2026-04-30,珠宝饰品,122
96798,Nose Ring,20世纪,Jewelry,silver,unknown,Overall: 9.9 cm (3 7/8 in.),The Cleveland Museum of Art,"Cleveland, Ohio, United States",https://clevelandart.org/art/1916.512,https://openaccess-cdn.clevelandart.org/1916.512/1916.512_web.jpg,images/cleveland\96798.jpg,Gift of Mr. and Mrs. J. H. Wade,1916.512,2026-04-30,珠宝饰品,123
98577,Shawl,20世纪初,Embroidery,"embroidery, silk",unknown,Overall: 569 x 116.1 cm (224 x 45 11/16 in.),The Cleveland Museum of Art,"Cleveland, Ohio, United States",https://clevelandart.org/art/1918.29,https://openaccess-cdn.clevelandart.org/1918.29/1918.29_web.jpg,images/cleveland\98577.jpg,Gift of J. H. Wade,1918.29,2026-04-30,刺绣,124
101144,Book Cover,1680—1720,Textile,silk,unknown,Overall: 22.3 x 12.7 cm (8 3/4 x 5 in.),The Cleveland Museum of Art,"Cleveland, Ohio, United States",https://clevelandart.org/art/1920.1474,https://openaccess-cdn.clevelandart.org/1920.1474/1920.1474_web.jpg,images/cleveland\101144.jpg,General Income Fund,1920.1474,2026-04-30,纺织品,125
101175,Fragment,19世纪,Textile,silk,unknown,Overall: 47 x 8.9 cm (18 1/2 x 3 1/2 in.),The Cleveland Museum of Art,"Cleveland, Ohio, United States",https://clevelandart.org/art/1920.1530,https://openaccess-cdn.clevelandart.org/1920.1530/1920.1530_web.jpg,images/cleveland\101175.jpg,General Income Fund,1920.1530,2026-04-30,纺织品,126
101226,Fragment,19世纪,Textile,silk,unknown,Overall: 17.8 x 18.5 cm (7 x 7 5/16 in.),The Cleveland Museum of Art,"Cleveland, Ohio, United States",https://clevelandart.org/art/1920.1602,https://openaccess-cdn.clevelandart.org/1920.1602/1920.1602_web.jpg,images/cleveland\101226.jpg,General Income Fund,1920.1602,2026-04-30,纺织品,127
101235,Fragment,19世纪,Textile,silk,unknown,Overall: 18.5 x 18.5 cm (7 5/16 x 7 5/16 in.),The Cleveland Museum of Art,"Cleveland, Ohio, United States",https://clevelandart.org/art/1920.1610,https://openaccess-cdn.clevelandart.org/1920.1610/1920.1610_web.jpg,images/cleveland\101235.jpg,General Income Fund,1920.1610,2026-04-30,纺织品,128
101254,Fragment,19世纪,Textile,silk,unknown,Overall: 69.9 x 19.1 cm (27 1/2 x 7 1/2 in.),The Cleveland Museum of Art,"Cleveland, Ohio, United States",https://clevelandart.org/art/1920.1635,https://openaccess-cdn.clevelandart.org/1920.1635/1920.1635_web.jpg,images/cleveland\101254.jpg,General Income Fund,1920.1635,2026-04-30,纺织品,129
114588,Cushion Cover,18世纪,Textile,"silk, metallic thread",unknown,Overall: 44.1 x 53 cm (17 3/8 x 20 7/8 in.),The Cleveland Museum of Art,"Cleveland, Ohio, United States",https://clevelandart.org/art/1934.202.4.b,https://openaccess-cdn.clevelandart.org/1934.202.4.b/1934.202.4.b_web.jpg,images/cleveland\114588.jpg,Gift of Mrs. Chester C. Bolton,1934.202.4.b,2026-04-30,纺织品,130
117443,Cup,约600—公元前221年,Lacquer,lacquer,unknown,Overall: 10.6 cm (4 3/16 in.),The Cleveland Museum of Art,"Cleveland, Ohio, United States",https://clevelandart.org/art/1938.11,https://openaccess-cdn.clevelandart.org/1938.11/1938.11_web.jpg,images/cleveland\117443.jpg,Purchase from the J. H. Wade Fund,1938.11,2026-04-30,漆器,131
120458,Branching Stump,1368—1644,Print,color woodblock print,unknown,Overall: 28.6 x 24.8 cm (11 1/4 x 9 3/4 in.),The Cleveland Museum of Art,"Cleveland, Ohio, United States",https://clevelandart.org/art/1941.281,https://openaccess-cdn.clevelandart.org/1941.281/1941.281_web.jpg,images/cleveland\120458.jpg,Edward L. Whittemore Fund,1941.281,2026-04-30,版画/印刷品,132
113108,Bamboo,1625,Print,color woodblock print,unknown,Overall: 28.3 x 30.8 cm (11 1/8 x 12 1/8 in.),The Cleveland Museum of Art,"Cleveland, Ohio, United States",https://clevelandart.org/art/1932.129,https://openaccess-cdn.clevelandart.org/1932.129/1932.129_web.jpg,images/cleveland\113108.jpg,Edward L. Whittemore Fund,1932.129,2026-04-30,版画/印刷品,133
113111,Untitled,1625,Print,color woodblock print,unknown,Overall: 28.3 x 30.8 cm (11 1/8 x 12 1/8 in.),The Cleveland Museum of Art,"Cleveland, Ohio, United States",https://clevelandart.org/art/1932.131,https://openaccess-cdn.clevelandart.org/1932.131/1932.131_web.jpg,images/cleveland\113111.jpg,Edward L. Whittemore Fund,1932.131,2026-04-30,版画/印刷品,134
121943,Ink Cake,19世纪,Miscellaneous,ink cake,unknown,Overall: 4.4 x 3.6 cm (1 3/4 x 1 7/16 in.),The Cleveland Museum of Art,"Cleveland, Ohio, United States",https://clevelandart.org/art/1942.244,https://openaccess-cdn.clevelandart.org/1942.244/1942.244_web.jpg,images/cleveland\121943.jpg,Gift of Henry W. Kent,1942.244,2026-04-30,其他,135
153633,"Lotus Sutra of the True Law of the Great Vehicle, Chapter Six",1545,Bound Volume,"woodblock printed book on paper, illustrated frontispiece and endpiece depicting Buddhist deities",unknown,Closed: 35 x 12.2 cm (13 3/4 x 4 13/16 in.); Frontispiece: 26 x 48.5 cm (10 1/4 x 19 1/8 in.),The Cleveland Museum of Art,"Cleveland, Ohio, United States",https://clevelandart.org/art/1987.159,,,"Gift of Donald J. Wineman in memory of his wife, Susan",1987.159,2026-04-30,古籍/册页,136
120207,Granary Urn,公元前206年—公元220年,Ceramic,glazed earthenware,unknown,Diameter: 26.1 cm (10 1/4 in.),The Cleveland Museum of Art,"Cleveland, Ohio, United States",https://clevelandart.org/art/1940.971.a,,,Bequest of James Parmelee,1940.971.a,2026-04-30,陶瓷,137
120208,Granary Urn (lid),公元前206年—公元220年,Ceramic,glazed earthenware,unknown,Diameter: 26.1 cm (10 1/4 in.),The Cleveland Museum of Art,"Cleveland, Ohio, United States",https://clevelandart.org/art/1940.971.b,,,Bequest of James Parmelee,1940.971.b,2026-04-30,陶瓷,138
156878,Volume of Tibetan Buddhist Canon (Kanjur): Chapter 8 of the Maha prajna paramita sutra,18世纪,Print,vermillion block print on paper,unknown,unknown,The Cleveland Museum of Art,"Cleveland, Ohio, United States",https://clevelandart.org/art/1992.88,,,Gift of Mr. and Mrs. Frank R. Kaufman,1992.88,2026-04-30,版画/印刷品,139
680371,Painting One from Illustrated Book of Flowers and Butterflies,19世纪,Painting,painting on pith paper,unknown,Each page: 25.2 x 36.4 cm (9 15/16 x 14 5/16 in.); Each painting: 20.1 x 32 cm (7 15/16 x 12 5/8 in.),The Cleveland Museum of Art,"Cleveland, Ohio, United States",https://clevelandart.org/art/1921.915.a,,,Gift of Mr. and Mrs. Henry F. Lyman,1921.915.a,2026-04-30,绘画,140
114579,Shawl,19世纪中,Embroidery,"embroidery, silk",unknown,Overall: 213 x 203 cm (83 7/8 x 79 15/16 in.),The Cleveland Museum of Art,"Cleveland, Ohio, United States",https://clevelandart.org/art/1934.200,,,Gift of Mrs. Edna D. Grenamyre,1934.200,2026-04-30,刺绣,141
146838,Bottle with Stopper (stopper),1736—1795,Jade,jade,unknown,Overall: 9.5 cm (3 3/4 in.),The Cleveland Museum of Art,"Cleveland, Ohio, United States",https://clevelandart.org/art/1972.253.b,,,Bequest of Elizabeth B. Blossom,1972.253.b,2026-04-30,玉器,142
125618,Snuff Bottle with Stopper,19世纪—20世纪初,Stone,crystal with jade,unknown,with cover: 7.7 cm (3 1/16 in.),The Cleveland Museum of Art,"Cleveland, Ohio, United States",https://clevelandart.org/art/1947.531.a,,,Bequest of Cornelia Blakemore Warner,1947.531.a,2026-04-30,石器,143
103322,Shawl,19世纪,Embroidery,"Silk, embroidery",unknown,Overall: 152.4 x 152.4 cm (60 x 60 in.),The Cleveland Museum of Art,"Cleveland, Ohio, United States",https://clevelandart.org/art/1921.385,,,Gift of Mrs. Edward A. Conger,1921.385,2026-04-30,刺绣,144
125619,Snuff Bottle with Stopper (stopper),19世纪—20世纪初,Stone,crystal with jade,unknown,with cover: 7.7 cm (3 1/16 in.),The Cleveland Museum of Art,"Cleveland, Ohio, United States",https://clevelandart.org/art/1947.531.b,,,Bequest of Cornelia Blakemore Warner,1947.531.b,2026-04-30,石器,145
146837,Bottle with Stopper,1736—1795,Jade,jade,unknown,Overall: 9.5 cm (3 3/4 in.),The Cleveland Museum of Art,"Cleveland, Ohio, United States",https://clevelandart.org/art/1972.253.a,,,Bequest of Elizabeth B. Blossom,1972.253.a,2026-04-30,玉器,146
95633,Wall Hanging,20世纪初,Embroidery,"embroidery, silk",unknown,Overall: 325.1 x 381 cm (128 x 150 in.),The Cleveland Museum of Art,"Cleveland, Ohio, United States",https://clevelandart.org/art/1916.1347,,,Gift of Mr. and Mrs. J. H. Wade,1916.1347,2026-04-30,刺绣,147
106003,Silk Shawl,19世纪,Embroidery,"embroidery, silk",unknown,Overall: 182.9 x 182.9 cm (72 x 72 in.),The Cleveland Museum of Art,"Cleveland, Ohio, United States",https://clevelandart.org/art/1924.129,,,Bequest of Georgia Leighton Norton,1924.129,2026-04-30,刺绣,148
94678,Panel,1644—1911,Painting,color on leather,unknown,Overall: 89.9 x 76.8 cm (35 3/8 x 30 1/4 in.),The Cleveland Museum of Art,"Cleveland, Ohio, United States",https://clevelandart.org/art/1915.335,,,Gift of A. W. Bahr,1915.335,2026-04-30,绘画,149
